metric,value
accuracy,0.9107567017305734
f1_macro,0.9060424849773877
