class,n_test,accuracy
1,496,0.9495967741935484
2,471,0.940552016985138
3,420,0.830952380952381
4,491,0.9205702647657841
5,532,0.9454887218045113
6,537,1.0
