true,mean,std,count
1,25.27235768928972,11.474124497886157,496
2,24.307251530767097,8.50818409117411,471
3,32.36305452966686,14.893841321951303,420
4,10.575784804417076,5.540924932439847,491
5,9.334266425479141,3.302810720214842,532
6,14.473495629977933,5.831316352081047,537
